review_text,stars
"Meh.

Plus for cool decor. Minus for being in a strip mall (but hey it's Phoenix...)

Cinnamon Roll was good.  Awesome icing. Toluca Brizza was unique, but nothing spectacular.

it would be a good place for groups, with a vast menu (that i hear is very vegan friendly), but they are better places around town for brunch, both in terms of quality and price points.",3
"Very consistent, thin crust pizza, made with fresh ingredients and excellent cheese! The market place is lively and the atmosphere is festive!",4
While we were in Mesa AZ for a holiday we found Alessia's on Yelp and we are so glad we did. The food was delicious and the host was terrific as were the servers. We are not big wine drinkers but they have a very good selection of wines and the host knows his stuff and can make good recommendations. Nicely appointed little restaurant with a great menu.,5
"Exactly what a hole in the wall Pho place should be like! Totally reminds me of LA, SF or any authentic Pho place in any multi-cultural city. Congrats Phoenix for not being completely white bred and redneck- must give thanks to center city.

Anyhow, portions are large, ingredients taste fresh and prices are inexpensive. If you're one of the sheltered folk out here that gets freaked out by rude bums or the lack of decor- stay in the shelter of your HOA tract home or go to the mall.",5
"I used to work near here and we got take out a lot. 

My favorites: spinach enchiladas, green corn tamale, chicken mini chimis ( they come with a green chile cream cheese dip, OMG). 

I loved their tex mex spin, not authentic Mexican, mind you, but tasty. 

I can't speak to the service, I rarely went in to pick up, even... I'm one of those crafty people who can get others to do that, lol. 

I liked it though.",4
"We came here for lunch and were a little leery when we first walked in. I had the cream of leek soup, my mother had the sausage salad, and my aunt had the Greek salad and we were all very impressed. We took a bangers and mash pasty to go, but we are so full, that it'll be awhile before we can try it. The service was a little slow, but the quality of food and atmosphere made up for the inconvenience.",5
My daughter and I went in for pedicures and gel sets... was incredibly surprised to hear the total was $120. even with a coupon!!! When I got home I noticed that my pedicure wasn't the best... I really don't mind paying top dollar for top dollar services but even with a 'coupon' it wasn't worth it. Won't be back...,1
"Check-in was fast and quick and price was right for what it was. A big upgrade over a discount property and super close to the airport. It does resemble a different kind of hotel in that everything was outside, but the room was spacious and generally quiet. The morning breakfast was solid and the only real minus was the shuttle's delay; some of the hotels came twice in the time it took this one to show up once. But save for that...a more than adaquate experience for an overnight stay.",3
"Goddess got it right.  This place is pretty, and it looks so promising.  Big disappointment.   There was nothing for vegetarians.  The food was mediocre at best.  I'd choose Pho Nhat over this pretty restaurant any day.  Don't judge a book by its cover.  No good.",1
"The only plus to this place was that the bartenders are on their game, otherwise leave it for the Jersey Shore wannabes and slooters that get turned on by extra extra medium Tap Out t-shirts.",2
"Came here for my cousins rehersal dinner and the first dish out was the lobster bisque and it was one of the best things ive ever ate !!!!!! AMAZING, I could have ate 10 more bowls of this and forget the main dish.
the main dish i got some chicken dish that i dont remember that well. I do remember that it was over pasta and the pasta was great, 
I also had 2 GREAT dirty martinis ,",4
"Other than the ambiance of being a  Rock & Roll restauarnt, this place isn't good.  The food sucks.

I came in for a birthday party with 6 people, and not one of us actually enjoyed our food.  We had called ahead (2 weeks) to reserve a table before a game.  When we got there, the table had not even been set up.  We were 20 minutes later than planned getting to our table, and we missed 1 entire 1st inning and the top of the 2nd because it took so long to get our food.",2
"It's three stars because I don't know how to rate it -- I didn't think it was very good at all when I went the other night during their grand opening, but maybe I just don't have a taste for it.  Service was prompt and polite.  The food?  Eh.  I had one of the house specials.  I didn't think it was very special.  I do think the waiter deserves bonus points for talking me into a half order rather than a full order.  The lemon-lime beverage was strong and sweet.",3
This is probably one of my favorite spots in Oldtown.  I definitely enjoy the the Thai food here and plus the atmosphere is really chill and homey.  Service was never a problem here every time I go.  My favorite is the Basil Crispy CK....so simple to make but I love it.  Date place? Sure why not :),4
"This place is great. The Pizzas are single serving or post salad and some of the best Pizza Ive ever had. Salads are good and and service is excellent. 

Keep it Simple Stupid
KISS",4
Been here 4 times in the past 6 months.  I love bringing out-of-towners here.  Excellent art and history exhibits specifically related to Native Americans from the southwestern United States.  Reasonably priced entrance fee.  Go on the tour - they will tell you really interesting things about each of the exhibits you otherwise wouldn't know - makes the visit much more enjoyable.  A must see for visitors to Phoenix!,5
This place is awesome they r going to replace a bad  tire for me for free that another discount tire put on they r awesome,5
"When I mean 5 star, I mean 5 STARR...but this place is SPECTACULAR!! Pavle & Charleen are such a fantastic duo....they really know how to make your dining experience exquisite!  The food, not to mention the service, is truly unbelievably delicious!! If you want to have some amazing food and get top notch service while doing so, the time has come for you right here in beautiful Arizona!!
HATS OFF FOR FnB!!",5
"Pretty ok place, right in the thick of it, I saw 3 separate arrests while drinking beer on the patio.  They have a couple different 4 Peaks Brews.  Those facts alone made it a successful endeavor.  Did I mention it was 4pm on a Friday?",3
"I have a love/hate relationship with Costco. I love to support local businesses, but this is one of a couple of exceptions I make.  It seems they treat their employees fairly as most of the employees at this store seem to have been there for years if not a decade. One thing that gives me comfort in my purchasing is they have a terrific return policy and take about anything back.",3
"You know what the 'bucks are all about, get a Venti for the long flight you won't regret it!",4
"I just love Chipotle. Fresh, yummy, spicy (if you want it to be). And the restaurant was clean a HUGE plus! My personal fav is the chicken burrito, no rice, no beans w/ fajita veggies, pico, cheese, sour cream, and lettuce. Guacamole and hot sauce on the side. So delicious!!! The person who did our order was so nice! It was my friend's first Chipotle experience! She was impressed by how big the burrito was. I'm glad I only live a few blocks away... because I will be back.",5
"Love my Chick-fil-a!  Wow, they have a system and it is super fast in the drive thur.  Amazed and they are always super friendly!  They always get the order right!!!  ++++",5
The margarita pizza is awesome. They use a delicious red sauce that I would be happy to eat on noodles- much different than a lot of pizza places that just use a tasteless red goo. Good crust too! The organic root beer is pretty gross though.,4
Had the mahi and it was great.  Very reasonably priced also.  Definitely a repeat.,5
Reviews are dead on good food good service in a little bit of a strange out of the way location.,4
This is one of my favorite breakfast restaurants! They carry the best bran muffin I've ever had....it has a delicious brown sugar topping on it. I love coming here on special occasions!,5
"As far as salon-cafes go, this has got to be one of the better ones.  The sandwiches, while not particularly ground breaking, are thoughtful and assembled with quality components.  Also has a pretty good old-town ambiance.",4
I love their beef sandwiches and thin crust pizza. It is just like being back in Chicago. Love it!,5
"Awesome Mexican food, fast service at drive in or sit in and eat...try the new fish tacos, they're great, and authentic, too.",5
Angry Bro Bar !  Please go here if you wear size smedium affliction shirts you will love it. The bar is lame. Kid you not there was not five minutes that went by where two people didn't try and fight each other.,1
"No need for a long review.

Every In-N-Out I have ever been too has been amazing.

Great Food
Great Customer Service

Love this place",5
"Mmmmmm...why did I wait so long to try this????  Unbelievable pizza!!!!!!!!!!  I would give 5 stars, bjt the service was...well, not great.  Its ok, we all have off days.  We'll be back!!!!",4
"I never write these things. But I have to say that you will not be disappointed with Paletas Betty. Especially with the weather right now, it is a delicious and healthy treat, made with seasonal ingredients. I highly recommend the lim√≥n amarillo when in season. Delicious frozen lemondade/lemon drop on a stick, tossed in a sugar rub. It is for certain served in heaven. That is all.

P.S. check out the hours, yo. You know what's up.",5
"Great product! I was on a mission to make homemade mozzarella with the absolute best ingredients I could find. Organic, whole, raw milk -  this certainly did the trick! We'll be going back that's for sure!",5
"While throwing a small get together, we were able to have a back patio with a buffet style table set up with some pretty tasty appetizers.  The chicken sqewers were delicious and smoked salmon was also tasty but something seemed to lack.  At the end of the day it was good and I wouldn't hesitate to go back, but nothing to make me a raving fan.",3
"My boyfriends company has been doing business with this PostNet store for the last 4 years. Service is friendly, prompt and helpful.

I highly recommend it.",5
"Went to a party where they had Stacy's cater it. So good-- it was the BBQ beef, BBQ pork and BBQ chicken.  All of them were fantastic but I enjoyed the pork best, which is odd b/c I am not typically a fan of pork.

Anyhow, it was all perfectly moist, well seasoned and was a big hit at the party.  

I would order from them for catering and I need to stop into the actual restaurant sometime to try the other items on the menu.",4
"My previous review has the real details about what i LOVE about their food!

Update:  Doing mostly take-out here, but at least one of the grumpy girls is more friendly now!  Yesterday when I grabbed our to-go order, she smiled, made small conversation, and did not exude a sullen disposition in any way.  I'm happy for me, I'm happy for her!

Ordered many of our usual items, plus Mongolian beef, which was very tasty. I'm stil partial to the Ginger beef, however.",4
"I have tried the other one on shea, but this is close to home and work. I love the enviornment, the clientle, the healthy food, outstanding service and very reasonable prices. The waitstaff is great, the food always comes out quick and tastes amazing. Get anything with chicken as it is delicious and if you like hummus try it here. Also, they have great ice tea. This place is one of my favorites and well worth a try.",4
"Mylissa has given my daughter and me the *best* cuts! If you can, see her. She will take great care of you!",5
"Tasty standard bar food.
Great bar service.
Sweet servers (90% of the time).
Huge awesome patio.

The cherry on top is that it is NOT on mill ave!

Best spot to be at on a beautiful spring afternoon in Arizona.

What else could you possibly need?",4
Yep -- still my favorite hole-in-the-wall eatery awesomeness. The brisket sandwich with cheddar and slaw and dippin' sauce was to die for. I ate at the bar and just enjoyed my visit.  Can't wait til I can walk here!,5
"So I recently went here with a friend of mine because they were craving IHOP, and I didn't care were we went to eat as long is it had food.

I got one of there new healthy choice menu items the balsamic chicken and my friend got the club sandwich with a side salad and a side of pancakes...don't ask.

The food was surprisingly really good and the service was excellent.",3
"Beautiful hotel, great rooms, best views out of the resorts in the immediate area.  Service is comparable to a Ritz Carlton.  Very understated and clean feeling, yet still over the top luxurious.",5
"Fantastic place!  we went tonight for my friends birthday-they were able to seat 15 of us without a problem.  Our waiter, Tim, was fantastic-he split the checks for everyone before we even asked.  They gave the birthday girl two pieces of delicious dessert on the house.  The food was great-we were all surprised by how large the portions were for the price.  Everyone was very polite and accommodating I look forward to going back!",5
If I were to ever get hooked on crack... I would want my crack to be these amazing donuts! They are delicious and addicting.,5
Very consistent food. Definitely a second best to P.F. Chang's.,5
"Yup. Definitely a fancy mall for that credit card burning session.

A combo of outdoor and indoor. You probably can find most everything the average person can't afford here. 

It seems to be the spot for malling in Scotsdale.",4
"My wife and I moved from Seattle in November of 2006. We thought we would find great, modern Mexican food all around the Valley. Fortunately we found it, but only at Barrio Cafe (so far). Barrio Cafe is a sure hit with anyone who loves Mexican food without a half plate of gray, canned refried beans. Their menu is excellent, thought put into the dishes inspired and the ingredients are fresh. It's well worth the hour wait.",5
"Don't dog Old Navy. 

Despite a sub par and semi-annoying marketing campaign, clothes here are aight with me. 

And where else can you get a perfectly good pair of cargos and boardshorts for less than thrity bucks a pop? I'm no fashion snob, but I like to think I can generally distinguish ""awful"" from ""not awful"" in most cases. 

For the ""not awful"" variety, Old Navy is dirt cheap and top notch.",4
"Great, fun atomosphere! Service was great! My wife and I had a wonderful date night here.  The fillet was nicely cooked and the sides were just as good.  Average prices but great value! Highly recommend this place for date night!",5
"This is really worth taking the time to see and experience.  The cost is very low - $5 per adult.  The garden is beautiful and peaceful with many areas where you can sit by yourself and reflect or just people-watch.  Also, the lady in the gift shop is very helpful if you are a first time visitor.

Metro Light Rail stop at Roosevelt and Central.",5
"This place was AMAZING!  I have stayed in probably over 100 hotels, this one was the BEST hotel I have ever been to... staff was extremely friendly, I WILL be back!",5
"I love this location, and I love this product.  

I think the prices are reasonable considering the quality of product you are getting.  If you've only been to the Scottsdale Fashion Square location and hate it, give this one a try.  It's got a much better vibe and is a lot less packed.  

Walked right in was helped, she grabbed what I needed and I was off.  It took all of 15 minutes even with picking out a totally new foundation then I used before.",5
Dr. Koch and his staff are wonderful! I know that I am in great hands and being given the best care possible. They do a great job at working you in to the schedule if you have a last minute pain that needs some extra attention. I would highly reccomend Arizona Chiropractic to anyone!?,5
"Love the bar! The two guys that sing and play music there Wed thru Sat nights are just amazing. 

Manuels' has very authentic Mexican food. Best enchiladas and refried beans around. 

Bar is adorable after being renovated recently. Restaurant could use some updating.",4
Good for an easy and leisurely business lunch or outing with the girls.  The market downstairs is great for takeout and a great selection of bakery treats.,4
"- the location is excellent
- the food is mediocre, and milder than they advertise
- the wait staff is polite and bland.  At several opportunities, they were missing for more than 5 mins.
- the bill will be higher than anyone expects

Bottom line:  don't bother",2
"At least one a week. Can't go wrong. 

My family's favorite chips & hot sauce anywhere.

Wife loves the veggie burro.",4
Fast and a drive thru. What more is there?,3
"1 star for service, but the food is not ok :( they literally put 4 pieces of chicken on my taco. I let that go & figured was a mistake. When I went again, ordered different item & same result. Little to no meat. I will not be going back.",1
"Stopped into this good-sized place for lunch today, with Mike C.  It's a little worn, but comfortable, & I counted up 81 regular food items.  All that I tried from the soup, salad, sushi, hot dishes, & dessert selections were good, & I particularly enjoyed these items:

*  The Hot & Sour Soup!
*  The Kim Chi!
*  A tasty salad topping with broccoli, mushrooms, & more!
*  The Seafood Salad!
*  The Egg Foo Young!

A good solid 4-Star place here!  Lunch Buffet $6.99, $6.29 Sr.",4
"I went in to check out the new drop of denim that the boys at The Phoenicia Association got in and left with a new pair of Naked and Famous Raw Selvedge Denim, Weird Guy cut; and a shirt by Wrath Arcane with the sickest little pocket that drops from your breast to your waist (perfect for my lighter and cigs) with a little zipper at the bottom. Spent a nice chunk of dough but nothing crazy for such a nice combo I can wear to dinner with the parents or to Old Town/Downtown on a Saturday night.",5
"It's the best!  Downstairs, hanging at the bar, you can't beat it!  

The food is EXCELLENT!!!",5
"Fast. 
Friendly. 
Cheap. 
If you get the ultimate package you get a free basic car wash in a week. Just keep the receipt.",4
"The closest thing I have to a neighborhood pub.  Not bad.

They sell loads of Belgian and Canadian beer.  That is all that you need to know.",5
Mojo made me fall in love with fro yo. I love Mojo's Twitter Tuesdays where you can get half off of your fro yo. The location is awesome; I can go to Mojo between classes. It's here where I found my love of the pomegranate & acai flavors as well. They have awesome seasonal flavors as well as the other usual staples. I love their different toppings and it's a good place to hang out with friends and get your Mojo on :),4
"I had heard they were spiced just right but for me it was too salty of a burger.  It was also expensive considering a I had a burger, hot dog, fries and a shake.  Not a favorite but wouldn't mind coming again.",3
"Yikes...I won't be going back.  The ordering system is confusing. The staff also seemed confused. The food was very bland and pretty tasteless.  THIS PLACE IS NOT EVEN IN THE SAME LEAGUE AS HONEY BEAR'S NEAR THE AIRPORT!! Skip this bland chain, and go to Honey Bear's!",1
"i like the ooey gooey cupcake! the chocolate cake is soooo moist and cooked evenly in perfection. only it's served chilled? it's weird. 

their cookies are good, too. I bought a tub of their easter sugar cookies and they are so stinking cute! they're very sweet though so it's impossible to eat more than 2 per day but soo good. anymore than that you'd need insulin. :)",4
The price is a little high for me.  They don't give enough bean sprouts without asking for more.  The pho broth is a little too sweet for me also,2
I love this place. The service is absolutely amazing. They are always really friendly and never screw up my order - - things that are very important when it comes to fast food. Their Apple Walnut Chicken salad is amazing! I also crave their fried zucchini on a steady basis. Carl's Jr has some of the best fast food burgers out there... if you want something fast and GOOD then I think you should stop here.,4
"This is the best restaurant in Phoenix. My wife and I have been eating out here for years, Their servers are great and the food is always delicious. The entire menu is very good and the specials are always unique.

Check out their website at http://www.phoenixcitygrille.com",5
This place is too loud.  It would have been nice to have a meal without some lady yelling 'meatlog' across the room.  Also the waitstaff was somewhat incompetent and snobby.  The food was delicious but it's not something anyone can make themselves at home.  They are stingy with their bread even though it is now free. Lots of annoying things that will probably persuade me not to come back.,3
"Very impressed! $5 pitcher until 5pm, and excellent healthy food at a good value. Free valet parking.  I look forward to coming back.",5
"Went here because of the reviews on Yelp,  very good.   Had the green papaya salad, great light taste and a very large portion with a few shrimp on top.   Had two types of curries and both of them were very tasty. I need more of that green papaya salad so I'll go back and try a few different things.",4
Foodie from Cali here on business. Nicely done dishes with authentic flavor. Ling Shrimp to die for - at ridiculous bargain prices. 5 stars if they expand menu. Very nice family setting.,4
"I think I went the wrong way, but I ended up doing a very isolated trail that wasn't too scenic, but at least it was quiet.  It sort of just ""ended"" though and didn't wrap around.  So then I walked the same way back which was kind of boring.  I like trails that are on loops.",3
Great atmosphere and food. We keep coming back!,5
Food was really good. You could tell it's good quality. Our service was not so good.  Workers are friendly but were having bad day on service.,4
"Our waiter was Vincent. Very polite, helpful, accommodating, and knowledgeable about the menu and the taste of each item. Service was A+!  The food was fantastic. No errors, was tasteful, unique, and fresh! I will definitely come here again.",5
"Great library...take your canned food to donate all during APRIL and they wave off your fines- GREAT cause, GREAT deal and now fine free!",5
"This has to be the best Thai food around. I have tried a few other places, but none are as authentic and delicious as Swaddee. We are now regulars and have never been disappointed.",5
"Stopped in for some macaroons and coffee, the food and coffee were decent. The place itself was kinda dirty, stains on the floor, saw a couple of flies, and sat in an uneven chair.",3
"OMG try their breakfast burritos!!!!  Habanero's has good, cheap, fast Mexican food.",5
"Love this spot - it's pretty close to the convention center so Natalie and I went here to check it out. The bacon is awesome here!

Their philosophy is great too - local, organic, etc. etc.  The place is tiny and quaint too and as always it's great to support a local independent business.  

Best breakfast in Phoenix that i've had and definitely one of my fave spots - went there the next day too - got the special and it was delish - check my photos to see what we got!",5
"Dammit - I have been here a dozen times and it's been so ""mixed""... The best of times, and the worst of times... though the last two times (for late night drinking with friends) have been pretty fun... Drinks are cheap and the crowd is ""lively"".

So, for now, I will suggest Dos Gringos to the college drunkard and/or professional drinker after 9pm. Bring some friends!",3
"Great food as always.  The owner is incredibly professional, friendly and charismatic;came buy three times to check in on experience and even asked if we wanted more antipasto salad items(on an already generous, well-priced portion.)  The service is great.  Homemade breads.  Extremely generous portions.  I would highly recommend this restaurant to all.",5
"Fast service, attentive waiter, food cooked as I ordered, clean restrooms...What more could I ask for? I was on my way to a meeting at the Marriott so I stopped in to grab lunch beforehand. I was in an out in less than 45 minutes. Perfect.

I'll be back the next time I am at the Desert Ridge mall looking for a place to grab a quickbite to eat without ordering fast food.",4
"Wings + Beer + Football = LOVE

I am such a girly girl 99% of the time but come fall, I sort of turn into a dude.....

This is not my most favorite place to catch the game, but a good alternative when I want to mix it up or my team is on a bye week. Good selection of boneless wing flavors.

Oh god, just writing this makes me yearn for the season to begin!!!!!!!!!!!",4
"Good sandwich! Better than all the chains, doesn't beat Jason's deli, would like black tea (not green). Fresh tasting and clean",3
Tuck Shop is definitely one of my favorite restaurants in Phx. Everything is superb from the service to drinks to food to overall experience. Definitely go soon!,5
"This place has really bad service and the food is barely decent, I would advise not to dine here. There are much better Vietnamese restaurants in Phoenix.",1
"Jan Ross has one of the best selections of crystals I've seen - they literally had every crystal I was looking for, and I subsequently left as a satisfied customer. Friendly staff too.",4
"Taco Bell/Pizza Hut combo on Dobson and Southern. Typical taco bell food and service. Lunch is very busy at this location because it is within walking distance of MCC, Pima Medical Institute, Banner Desert Hospital and a gazillion apartment complexes. 
Parking is easy, but this shopping center is very difficult to get in or out of during rush hour.",3
Excellent service and great quality.  I will always bring my alterations here.  Had an emergency and needed a hem done in a couple of hours and they had it sone sooner than expected!,5
"I have never actually been to a pawn shop for any reason. I can't honestly even tell you what they are used for. I have never seen Pawn Stars. I don't watch television. 

I really enjoy this signage. On an almost daily basis. Savy, that is all it is. Love of a little morning chuckle.",3
This is the best Cajun place in Arizona. The portions are great and the people behind the counter are really nice. I love gumbo and I have tried several kinds here and all of them were excellent. Yes the decor isn't 5 stars but seriously if you're more worried about mood lighting and soft cushions you can go to Pappadeaux's and get charged an arm and a leg for lower quality food. the drive and the price are definitely worth it for this place.,5
"Overall , I like this place. A smal hole-in-the-wall place with straight forward, cheap, non-greasy Mexican food. I can dig it. I personally think the one on 7th st is better, but I will chock it up to growing pains since this location's only been open for about a week. I went today for my all time favorite Torta, but they didn't grill my bread so it wasn't nearly as awesome as it usually is...yes, I'm picky",3
"nice and trendy restaurant with great food!
will definitely come back again!",4
Love it! Closest thing in Tempe to the food we actually had in Thailand.,5
"Successfully blending the idea of bar food and airline food into one very disappointing meal. A poor choice for breakfast due to mealy/watery eggs, cold potatoes and bland salsa. Even the grapefruit juice lacked flavor.",2
"This place always pleases! Their sandwiches are always great, bread is great, pizza is AWESOME, and their short ribs are great. The food is SO fresh! The waiters are kind and friendly. When we asked if they had some of their awesome ice cream, she kindly told us the freezer broke. I heart the deli!",5
"This is the best ice cream I've ever had, bar none!  I had the salted caramel, and it was wonderful!  I felt like I was 7 years old and enjoying my first ever ice cream cone.  I also love the decor of the shop, the braille on the back wall is so cool (although I do wonder exactly what it says!)  I also bought a pint of their ice cream at Whole Foods, I love Sweet Republic and everything it stands for!  Totally recommended!",5
"T&S Glass did a wonderful job replacing my car window. They came right to the house within 2 hours of my call, had the window replaced within 30 minutes and treated me like a queen. Frank installed the glass and couldn't have been nicer. Thank you T & S Glass!!",5
"Planet Sub is definitely a good option for solid, good tasting subs. I'm next door at Gangplank a couple times a week and we usually hit this place up for lunch. It's much better than the last place that was in this spot, has tons of options (we decided you could eat lunch there for a month and not have the same sandwich), and friendly staff. I'm definitely glad they put this in. It's a great option in the downtown Chandler area.",4
I love this place! The owner is always there and you can tell he takes great pride in what he does. Great food and great customer service!,5
"What Whattt! Hip hop videos blaring as I get my strike on? Bowling specials after 9pm? Friendly staff? Cheap drink specials from the bar in plastic cups? ASU and working class stiffs co-existing one sweaty bowling shoe at a time? Teenagers making out at the arcarde section?

Loooveeee you, Brunswick!",4
great food... love the pad thai....awesome atmosphere...,5
"4 stars based on the sangria alone.

Order this motherfucker by the PITCHER, without apology.

If you can sit out on the patio, so much the better. if not, grab a comfortable booth near the bar.",4
"Great meal all-around.  Was hoping for an authentic experience...and that is what we received from start to finish.  Really enjoyed the grilled lamb and chicken, with garlic sauce on the side, and a Turkish coffee to finish.

Service was attentive and friendly.  The staff was clearly proud of their food/restaurant, as they should be...

Highly recommend!",4
"Barb at Tees and More does a great job.  They provided our company shirts and did a perfect job.  Fast service, great service and great people.",5
Chicken schnitzel was amazing. Service was slow and server didn't know the menu. Didn't know what a knish was.,3
"Fresh and simple!  Taste's great!  Worth the drive!  The burgers are like the ones you make at home!  I had the sweet potato fries, highly recommended.",4
"This place is super cute lunch joint.  I had the sloppy joe special and it reminded me of a home cooked meal back in the day.  I ended my meal with a classic vanilla milkshake which was superb.  Oh yeah!  if you're in a hurry for a quick good sit down lunch, this place is it.  our food came out SO fast.  I will be returning shortly.

You also MUST check out the vintage clothing/ furniture in the room next door before you leave !",5
"What can I say... I am a bargain shopper! I'm not cheap, but I get more satisfaction out of getting a bargain than I do spending a ton of money for a name brand item at Nordstrom or Sax Fifth. That being said, sure you can find a pair of shoes you'll like here, but the selection is simply OK, and its usually full retail price. Most of the time they have a two-for-one deal or get the second pair half price. Still, its never really any kind of sweet deal.",2
"When I left this place the bartender threw her fist up in the air and told me to go take on the world. How cool is that?

I was impressed by how clean it was inside.  Plus they have craft beer on tap for $3.  Need I say more?",4
"I've been Dr. Castilla's office for 7 years.  Her office has relocated and her practice has grown over the years and for good reason.  She is a Dr. that treats you as a person and takes her time to honestly answer your questions.  She makes eye contact with you and I couldn't ask for anything more.  Just remember, it is a large practice and the staff is sometimes questionable.  But, she's worth the wait!  
Now that we've relocated, I hate to give up Dr. Castilla.  She's irreplaceable!",5
"Soooo this location is even better than the one in Superstition Springs. They also have a play place, which is pretty cool. I ordered the deluxe chicken and it was simply amazing. Fantastic service as well. I ordered and set my stuff down and within a couple minutes my food was brought out to me with a smile. Very polite staff, and delicious food.... what more could one ask for? I totally wish Chick-fil-A would sell thier Chick-fil-A sauce by the bottle cuz it's sooo good",5
"We went over for dinner- had the spring rolls, chicken curry, and lemongrass chicken. The spring rolls and lemongrass chicken were about a 3 star, but the chicken curry was really good and made up for the others. We also had the coconut water, which was fresh. Prices were reasonable we paid around $30.",4
"This place is GREAT! I must have passed it a million times without knowing that it was tucked away in the complex. The sushi was awesome, the drinks were very reasonabally priced, we loved the decor and the atmosphere was very nice, kinda romantic if you are seated in the back away from the sushi bar. The service was great! We will definitely be going back.",4
"I really like this place over Pizza Hut or Dominoes because the pizza is excellent and well priced 
The pizza from here isn't gross like other pizza places/chains
it tastes authentic and freshly made
When we order pizza, we only order from here
We also get the wings usually we ask for extra sauce because if you don't they don't put much on them 
Other than that, its great
It take anywhere from 20-30 minutes for delivery for us",4
"The place is nothing special, you can even think there is nothing going on there as it is almost hidden. Once you are in, you still won't believe there is something worthy. Sit and try one of their gyros, hummus or the vegetarian combo! All tasty and well served. After that you can check and buy some interesting to impress your friends next time!",4
"This restaurant is close to my office, so we go for lunch at least once a month.  I love that it's bright, with great modern decor, and the seating is comfortable.  Service is always very good.  The prices and portions are a average for the area.  The cuisine is a twist on Sonoron, but nothing extraordinary.",4
Great food and awesome service! Even better that the Chef came out and personally checked on our experience. I will be back for more delicious BBQ,3
"Burritooooooo lunch special!!!!! awesome, tons of chips and salsa",4
"I had a great experience with this company today.  They sent out their tech Steve to fix my Samsung tv.  He arrived on time and was able to quickly diagnose and fix the problem.  He also provided some helpful tips to improve the performance of the tv in other areas unrelated to the issue.

The service was professional, prompt, and efficient.  I would definitely use them again in the future.",5
"I love this place. My gf and I go every time we visit her parents in north scottsdale. 

Pro's
quick and easy. good service. clean. good food. good management. not too expensive. they also post nutrition info on their menu (that alone is laudable). 

cons,

the salad dressing is quite sharp.",5
"Closed?  Really?  It seems this place just randomly shut down, after much less than a year of being open.  Only went there once - we enjoyed the food, the ambiance, and the beer.  We recommended it to others as well.  Showed up on a Tuesday night for dinner and everything was packed up....?  A little searching on the web (Facebook, specifically) shows that they're done.  What a shame.",3
"Went back on Friday and was disappointed to find they are  closed from 12:30-1:30 on Friday...lunch time  on Friday seems like a super strange time to be closed and I was unable to eat there due to the closure (and I drove out of my way to go there never thinking to call and make sure they would be open at a time that should be the busiest of the day).  I will go again, but I will call before heading out of my way to make sure they are open and I don't waste my time on the drive.",4
"The manager at this location is a pretentious jerk, he is condescending and immature.  I will never return to this place or recommend it.  The food is delicious, the atmosphere is sophisticated but the crowd is lame and the management is even worse. Spend your evening and your money elsewhere.",2
"Fun, Fast, Easy, Yummy.  Nice Flatbread style pizzaz, done right, crispy, not thick & greasy. Yummy fresh & unique toppings.  Crisp salads.  Good place for kids :-)",4
"Ive been here twice and my favorite item has been their version of tiramisu. It's not soaked in espresso or whatever the local italian eateries are using these days..it's made with champagne! It's light and fluffy..it's like eating a cloud from heaven. Very much a date place.. It has a ""romantic"" atmosphere so don't go there if you're not trying to give off that vibe. Otherwise great for a group setting..... Oh and for any potential cougars the waitstaff is delicious eye candy. ;)",4
Have tried this place a few times now we sometimes order it for everyone at work. My impression is that its a step up from Taco Bell.,2
"Standard Burger King fare served at a snail's pace.  One cook, one sandwich maker, one cashier, plus 30 people in the queue.

Please help the economy and the waiting customers by hiring some staff!",2
"Stopped there for breakfast. A cozy little place, with very friendly and smiling persons. Their house coffee is fine, but will have to go back for a dirty chai. I had also a bagel (just like any other). A nice drive through, and a good alternative to start the day!",4
"I have to admit the quality of food here is better than your average berto's restaurant, However the girl who works the drive-through during the late shift makes some of the strangest mistakes with the food. Warning if your ordering 2 items don't be surprised to find them in one box combined into some strange hybrid. I honestly don't think she understands the word ""And"". This has happened to me several times int the last month. Always make sure to check your order here.",2
"The BF and I got coffee here last night as part of the coffee tour of Phoenix!!. The coffee was alright, not too acidic, but not the most flavorful coffee, but the main reason for the 4 star review is they are open late and they deliver! How awesome! The people who work there were all friendly. The ice cream looked good...will have to try in the future.",4
"This in truth had been my first ""Cajun"" eats.

The atmosphere was cool.
The service was good.
The food was rich and filling.",4
"I had dinner here tonight, and loved the entire experience! The patio was roomy, our server was quick, and the food was delicious! I ordered the Thai Cobb salad and really enjoyed the unique, healthy flavor! My dinner was priced fairly and I got a lot of food. I will be going back",4
"I've been a patient of Dr Lienau's since I was six years old!  I usually don't care who my primary care physician is, but when it comes to my dentist, there's no way in heck I would switch.  I even referred a co-worker to him recently!  

He's very honest, upfront, and has such a great support staff.  Colleen is the NICEST receptionist!  One of the hygienists has been there for years (I forgot her name!!) and is also a very friendly woman.

I definitely recommend Dr Lienau!",5
"We are lucky enough to live basically right accross the street.  

The food is great. Love the thin crust pizzas and the sweet potato fries. They grow a lot of their own veggies. They seasonally sell dates at the farmstand that are GREAT. 

You get your food free on your birthday.

Gets very crowded on the weekends!

the dessert is just OK, but the shakes are great!",4
"I love that there is a locals place right within walking distance of my apartment.  I've been drinking there for a couple weeks now and I love the good beer and cheap prices.  I just ate there for the first time last night and the chicken sandwich and curly fries are delicious.  The service is reasonable, the atmosphere is friendly, and the patio makes for a great hang out.",4
I like their seating area. It has a nice sized inside area and also a bright outside area that is tucked between a walkway and another store. One of my favorite locations.,5
"They don't have the lunch specials on the menu or tell you about them if you don't ask, so make sure to ask. The sandwiches don't come with fries and their fries are over priced for not being very good. The pulled pork sandwich is good and so is the sauce. Also, expect a long wait especially if people are ahead of you.",3
Cool place in downtown!  I've been to all of the iterations of the restaurant and all of them have been pretty cool.  The happy hour is a great deal and the bartenders are really nice.,4
Great food. Great ambiance. Great for a night date on the patio. I can't wait to go again.,5
Best steak I have ever eaten is at Ruth's Chris steakhouse. Comes to your table sizzling hot. Sides are sold individually but are pretty good. The deserts and appetizers are awesome. Being an upscale place be prepared to take a hit in the wallet. If you really want to impress a date this would be a good place to do it.,5
"Unique atmosphere in the city of Glibert with AMAZING food....  

Beware some weekends the line is super long but its worth the wait... be prepared to eat outside in a nice shady area enjoying a farm like atmosphere...

Good seafood is hard to find in Az & Farm grill does a great job.... also great burgers!  

If you don't mind driving out to Gilbert its 1 of the best places to eat in the Phx area..",5
"Great beer, really good food and no wait.
Ok yes it was noon on a Sat but that can be hard to find
any day of the week, at any time.",4
"I love the Valley Ho! It's a beautiful property with great rooms, a fantastic pool, an excellent restaurant -- Trader Vic's and a really nice spa. Be sure to stay in the newly re-modeled Loft Suite. It's two stories and it's fantastic! If I was to take a stay-cation, I would be sure to stay at the Valley Ho! And for all you out-of-towner's who want to stay in Old Town Scottsdale and be close to great shopping, restaurants, and nightclubs, the Valley Ho should be at the top of your list!",5
Who the heck doesn't love huge amounts of toilet paper and free samples of food... come on now!,4
"LOVE LOVE LOVE riding my bike through here.  Especially on our way back, with all the down hills!!!!  It's like a roller coaster but better!!!!

I also drive through here every morning to get to work, so that is a nice, relaxing, pretty way to start my day.",4
"Great little sushi spot with a heck of an all-u-can eat deal.  I like it.  The staff is great, the food is great quality and the prices are fair.  My only complaint: Nearly every time I leave Sushi Q I get hit up by the pan handlers working the liquor store next door.  4 stars for price, quality, and staff.",4
"Mmmmmmmm Saganaki!

This place is a very good value, delicious really!
Kind of a cute little dive with AMAZING food.

This place makes me think of a few close friends who brought me there.
Good times! Good place!",4
The server could have been better. She spilled a coke on my lap. This made me late for my movie. The wait was so-so however the food was cooked to my liking. I will go back.,3
"The shopping center this Rack is located in is absolute poison to my pocketbook. TJ Maxx, Ross and Nordstrom Rack all in a tidy row? Rock on! 

There are great deals to be found here with patient and selective hunting like any other discount retailer, and that these great deals are on brands which Nordstrom's carries makes any awesome deal so very much sweeter. 

Don't go expecting to strike gold at every visit, or expecting Ross prices on Guess shoes, and you will fall in love with the store.",4
"I started a new job and the bosses brought us here for lunch.  It was ok.  I got a lunch combo meal, but I didn't pay.
The service was really great but the food was not.  Just kind of plain.  
It's convenient to work, so I will probably be back, I just won't have very high expectations.",2
"Ordered the pork ramen and a rainbow roll. Both were great, sushi was like every other good sushi place and pork ramen was tasty and spicey. Good service from waiter but the hostesses weren't able to keep up with everyone and forgot we were there and had us wait awhile. Other than that, experience was good and would come back.",4
"So, I say to myself, ""half price sushi for lunch? Oh yeah! You betcha!"" well, even at half price, it's tough for me to get excited about thus place. 

There's no real creativity (except for the disco balls during ""happy birthday"", seriously, uh yes) and it's fairly generic fare. The 2 stars are really for the fact the service was Johnny on the spot for edamame, miso and salad. The main fare though, just plain lacking. You're better off heading a mile or 2 down Ray over to Ra.",2
"yuk! service and food sucked never a
gain!",1
"This Mexican food is very simple, slightly bland, but fairly fresh. The chicken is chopped up into tofu-looking squares. But I was satisfied with the food, which was fairly healthy Mexican food as Mexican food goes. The staff is quite polite. I met some cool people hanging out there while I sat outside.",4
"Beware the latte. Otherwise this is a typical Circle K. Come to think of it, the latte is probably typical of Circle K as well.",3
This place is delicious. Great food and when they cook in front of you they do a lot of cool tricks and stuff. I would eat there everyday if I could afford it.,5
"I don't love the coffee at Starbucks, but this place is getting 5 stars for their service! They are quick, ACCURATE, friendly, and they always remember my drink even though I only go there about once a week! Amazing! The staff is great and I thought I should leave them a nice little ""Good Job"" on Yelp!",5
"Hands down, the best pizza in the East Valley!!!! Tastes like I'm back in New York City, that's how good the pizza is! They do all sorts of combinations and toppings. Mmmm mmmm good. The hero sandwiches and wings are good too. Located in a strip mall next to AMC movie theaters, it's a great place to go before or after the movies. And they deliver, too. Much better quality than chain pizzerias.",5
Gallo Blanco has the most delicious ceviche I've ever tasted in AZ. Portion size is plentiful and the chips are quality. I love the indie music selection it really adds to the vibe of Gallo Blanco. If I'm in the area I make it a point to visit.,5
"This place is gem behind the Central Phoenix library and next to Walgreens. They have great lunch specials that are worth a visit. My favorite dish so far is the spicy noodles. The noodles were flavorful and pretty darn spicy, just how they should be. If you're in the mood for some authentic Thai food, you gotta give this place a try.",4
This place was great... Well as great as a doctors visit can be.  They called us (my son was the patient)  back within 5 minutes and immediately saw a doctor.  She was kind and took her time - asked a lot of questions and did not hastily diagnose and fully explained to us what was going on with my son's health.,5
So perfect. The atmosphere is just spot on. I love going whether it's just to grab coffee and leave or if I am there studying or just want to chill. I love their Apple Harvest (?) salad. So delicious and beautifully prepared. Baristas are always very nice (especially Brianna!). Can't wait to hopefully become a regular and attend some of the live music events they put on every week!!,5
"I just stopped at Biagio nail place today and got my mani and pedi done, it was fabulous. Tiffany gave me great feet and my neck massage. She does really job. The shellac manicure was really nice she gave me a lots of different colors so she actually helped me find the colors that i like and I was very happy that I got her. I will Go back and ask for her...",5
"AWESOME!!! 

I love this place! I am from Seattle and I've been struggling to find a good pho restaurant since moving out here. Khai Hoan reminds me of some of the restaurants I used to go to back home.  I love hole-in-the-wall family restaurants like this one. No fuss, no frills. Just good food and fast service.We were greeted, seated, ordered and got our appetizer in 10 minutes. Food was delicious!!! Definitely go here!",5
"I have been going to Cartel for a while, and their coffee has absolutely spoiled me. I can hardly drink coffee or esspresso from anywhere else, I even buy their beans and brew it at home.
Most of the bartista's are stellar, but expect to wait for your specialty drinks, not only because they are almost always busy, but also because making kick ass coffee drinks takes time.
I suggest either the Honduras with cream, an iced agave latter, or a cappuccino (which you have to drink there).",5
"My boss asked me to find someone to clean the office windows (about 50 large panes) inside and out, so I got in touch with Brad.  He was very professional throughout the experience, and his mastery of this craft is phenomenal.  The windows were crystal clear within a few hours; he did a very thorough job.  Punctual, efficient, and easy to work with--his rate was very competitive, and his work is worth every penny!  The office looks brand new.",5
"Went in midweek for lunch with a few guys from work. Place was quiet, easy to get seats. Staff were super friendly and efficient. 
Some of the best wings I have ever had... Try the boneless wings, hot, and ""Finished on the grill""... AWESOME!!! Also highly recommend the patty melt on marbled rye with sweet potato fries.",4
"Lets just say i was not to please with my experience at Nails R Us. After two days my nails were lifting on about 4 nails by the end of the weekend i had 6 nails lifting, so i went back and showed them and she was like its normal. No it normal to lift but not after 2 days! They did fix them for me free of charge but were very rude to me!!! Will not be going back there or will not refer any of my friends there!",1
"Oooooh, I liked it, very much so!  Just sad that I didn't get to try more of its myriad offerings, especially the pizza.  We enjoyed a lovely brunch here on a Friday.  Cute little place, lots of ambiance, good people watching (quite the hopping place on this midsummer day), tasty food.  We had a round of Bloody Marys, and those were nicely done, as well.  A great spot to just hang and nosh and chitchat with friends.",4
"I really enjoy That's A Wrap... all of the food I've ordered here has been really enjoyable, plus it's all a really good value for the money. My favorite wrap here is the Prince of Thai, sin pollo con tofu. The Veggie Bowl is also another good option and I'm pleased they can make anything vegetarian. Worth a stop for lunch, however, the parking lot is tight and I have been here more than once when it was full.",4
"I Live close but will stop eating there. The service was slow, my friend complanned about a order he had and they said ow next time tell them to make it different for you?  Really then I ordered another simple California roll Took forever.  The Sushi is allright but the overall experience is worth driving somewhere else you lost me...",2
"Never been in - but I get pizza delivered from them now and then. I am a New Yorker and to call me a pizza snob probably doesn't go far enough.

The crust is crispy, thin, and foldable, the outside edges, crispy and bubbly. Great mozzarella. I have never been disappointed by a topping. A little greasy, as it should be; it reminds me of NY pizza, and that's a big compliment coming from me.

We don't have a Ray's in Central Phoenix... but we do have Mamma Mia's. 

Yo! Tony! You make a good pizza.",4
"I was really surprised by this place!  Soooo much better than that other ""bertos"" place!  I went thru the drive thru so I'm not sure about the inside but I ordered the taco and cheese enchilada combo with rice and beans. I also ordered a side of chips. The food was very good and the rice was REALLY good!  The chips were hot!!  Loved it!  Yum!  I will be back when I'm in the area again.",4
"I am not a beer drinker, so this is not rating the beer, but the food and atmosphere.

1) Atmosphere: sweet - great patio and nice bar scene inside

2) Food - pretty good for bar food

3) Hit it up if you are in Tempe, its just one of those places you need to go",4
"I have seen this place for years and years but had never gone in until one night awhile ago.  It turned out to be a really cool bar with live music and great drink specials.

It's a small place, but what it lacks in size, it makes up in character.  It has a vibe all its own and if you get there early, you can sit right up front and check out the band. 

Do something different and go to Char's, you'll be glad you did.",4
"More a comment than a review. Suffice it to say, I L-O-V-E this store! Much to my surprise and delight they are opening a second store at 75th and Cactus! Right in my own backyard , don't ya know. Woo hoo! Now all we need for the NW valley is Lee's sandwiches, and a solid dim sum joint to complete my favorite Asian trifecta!!",4
The best tai in downtown for the price! Masiman is the most tasty dish here!,5
"After reading many decent reviews and seeing how close the restaurant was to home, I decided to give it a try.

The young lady at the counter was impatient and had no interpersonal skills. The food was just not good; this place is 'Chinese take-out' at best.",2
Great food and very friendly service.  Happy to recommend!,5
Good & fast food. Prices are fair. They charge a fee for Bank cards.,4
"How can something so simple taste sooo good? I wish there were one more on the west side. I hate going to the fair to get my fix of fry bread. There needs to be one of these on every  corner of the compass in Phoenix! As Rachel Ray would say, ""Yummy!""",5
"we come here about once a week. the soup in a bread bowl is yummy- i usually get a wildflower salad with the pesto vinegarette, which is amazing! their grain mustard is also amazing and the service is usually very good. the clientele can be interesting so it is a good place to people watch :)",4
Great hh prices. Like to go and unwind. Definetly give it a try,4
I love that this restaurant can accommodate  all types of people. It's a sports bar with Family style entertainment! The staff is always friendly and  they aim to please. The food is always good and prices are very reasonable. The bar is on one side so it splits the Families with children on the other side with an amazing area with tvs to play Xbox and wii. Check this place out. You won't be disappointed.,5
"Since I moved to AZ from Los Angeles I have been searching far and wide for a sushi place that met my high standards for great sushi. Sakana is hands down the best in town. The fish is fresh, the rolls are huge and nothing beats the .50 cent appetizers when you buy a beer! I recommend going on a weeknight, Friday and Saturday nights can fill up pretty quickly so you might have to wait.... but it's worth it.",5
"Bad ass, just like the name.  I've heard that this facility doesn't have any water restrictions so their course is lush & in tip top shape.  It's definitely a challenging course.  The staff is nice and the current off season rate is  $35 for residents!  You have to check it out, it's a great deal.",5
Great food!  The FEZ burger is a real winner.  The staff and clientele are friendly.  Great place to meet people for drinks and hang out.,4
"My wife and I were downtown with some friends, and decided to check this place out. I ordered a pasta lunch, and chose Penne Alla Campagna and another penne with tomatoes and Mozzarella. Meh, it was just okay. The food was just okay, kind of bland and a bit overpriced. I did snag a small slice of pepperoni pizza from one of the kids at our table that was actually the best part of my meal. Would I go back, nope no sir",2
"This is the second time we visited India Gate. The service was as good as the last time we were there. The waiters are attentive and friendly, willing to explain in detail what and how each dishes were made (for those of us who has no idea what some of the items are on the menu)

Cozy place to have a nice meal, reasonable price.",4
Had lunch here with Robyn N. and Rand H. the food here was ok and I liked it better before they did the so called renovation.All they did was add a mongolian BBQ and wash the windows. Some of my favorite things on the buffet were gone so I am dropping them down to 3 stars but still it was a good lunch.,3
"basically, i'm only reviewing this store because i really do not care for the employees here. there are a few nice ones, but overall, they are either cranky, stressed out, or missing.

the redeeming points? a nice selection of crafting products. but then again, you can always just go to a DIFFERENT location. i'd opt for that.",2
